Project_Group_id,Project_Name,Group_Name,Name_Value_Pair_Table_Name,Flat_Table_Name,Data_Source_View,With_File_Date,Table_Schema
73,BIFC_TMCM,TMCM_2.0_Product,,TMCM_Product,,True,TMCM
70,BIFC_TMCM,TMCM_2.0_Critical_Event,,TMCM_Critical_Event,,True,TMCM
59,BIFC_DS,DS_1.0_Feedback_Main,,DS_Feedback_Main,,True,DS
69,BIFC_TMCM,TMCM_2.0_Browser,,TMCM_Browser,,True,TMCM
71,BIFC_TMCM,TMCM_2.0_Custom_Report,,TMCM_Custom_Report,,True,TMCM
72,BIFC_TMCM,TMCM_2.0_Log,,TMCM_Log,,True,TMCM
68,BIFC_TMCM,TMCM_2.0_AdHoc_Query,,TMCM_AdHoc_Query,,True,TMCM
67,BIFC_TMCM,TMCM_2.0_Feedback_Main,,TMCM_Feedback_Main,,True,TMCM
82,BIFC_TMCM,TMCM_1.0_Product_AC,,TMCM_Product_AC,,True,TMCM
79,BIFC_TMCM,TMCM_2.0_Product_AC,,TMCM_Product_AC,,True,TMCM
75,BIFC_TMCM,TMCM_2.0_Product_Endpoint,,TMCM_Product_Endpoint,,True,TMCM
78,BIFC_TMCM,TMCM_2.0_Widget,,TMCM_Widget,,True,TMCM
80,BIFC_TMCM,TMCM_1.0_Product,,TMCM_Product,,True,TMCM
81,BIFC_TMCM,TMCM_1.0_Product_Endpoint,,TMCM_Product_Endpoint,,True,TMCM
77,BIFC_TMCM,TMCM_2.0_User_Account,,TMCM_User_Account,[BIFC_ETL].[vw_TMCM_User_Account],True,TMCM
76,BIFC_TMCM,TMCM_2.0_SO_Weekly_Count,,TMCM_SO_Weekly_Count,,True,TMCM
90,BIFC_SPNT,SPNT_1.0_Feedback_Main,,SPNT_Feedback_Main,,True,SPNT
87,BIFC_DS,DS_1.0_Endpoint_Module_Usage,,DS_Endpoint_Module_Usage,,True,DS
83,BIFC_TMCM,TMCM_2.0_Directory,,TMCM_Directory,[BIFC_ETL].[vw_TMCM_Directory],True,TMCM
86,BIFC_DS,DS_1.0_Endpoint_Client_OS,,DS_Endpoint_Client_OS,,True,DS
88,BIFC_DS,DS_1.0_Endpoint_Seat_Count_Connector,,DS_Endpoint_Seat_Count_Connector,,True,DS
89,BIFC_DS,DS_1.0_Server_Plugin,,DS_Server_Plugin,,True,DS
85,BIFC_DS,DS_1.0_Endpoint_Activated_Agent_Version,,DS_Endpoint_Activated_Agent_Version,,True,DS
84,BIFC_DS,DS_1.0_AC,,DS_AC,,True,DS
98,BIFC_IMSecurity,IMSecurity_1.0_Feedback_Main,,IMSecurity_Feedback_Main,,True,IMSecurity
95,BIFC_DDAn,DDAn_1.0_Product_Weight,,DDAn_Product_Weight,,True,DDAn
91,BIFC_DDAn,DDAn_1.0_Alert_Rule,,DDAn_Alert_Rule,,True,DDAn
94,BIFC_DDAn,DDAn_1.0_Primary_Sandbox_Selected_File_Type,,DDAn_Primary_Sandbox_Selected_File_Type,,True,DDAn
96,BIFC_DDAn,DDAn_1.0_Report_Schedule,,DDAn_Report_Schedule,,True,DDAn
97,BIFC_DDAn,DDAn_1.0_Secondary_Sandbox,,DDAn_Secondary_Sandbox,,True,DDAn
93,BIFC_DDAn,DDAn_1.0_Primary_Sandbox,,DDAn_Primary_Sandbox,,True,DDAn
92,BIFC_DDAn,DDAn_1.0_Feedback_Main,,DDAn_Feedback_Main,,True,DDAn
106,BIFC_NVWE,NVWE_1.0_Policy,,NVWE_Policy,[BIFC_ETL].[vw_NVWE_Policy],True,NVWE
103,BIFC_IWSS,IWSS_1.0_Feedback_Main,,IWSS_Feedback_Main,,True,IWSS
99,BIFC_IMSS,IMSS_1.0_AC,,IMSS_AC,,True,IMSS
102,BIFC_IMSVA,IMSVA_1.0_Feedback_Main,,IMSVA_Feedback_Main,,True,IMSVA
104,BIFC_IWSVA,IWSVA_1.0_Feedback_Main,,IWSVA_Feedback_Main,,True,IWSVA
105,BIFC_NVWE,NVWE_1.0_Feedback_Main,,NVWE_Feedback_Main,,True,NVWE
101,BIFC_IMSVA,IMSVA_1.0_AC,,IMSVA_AC,,True,IMSVA
100,BIFC_IMSS,IMSS_1.0_Feedback_Main,,IMSS_Feedback_Main,,True,IMSS
124,BIFC_TMSM,TMSM_1.0_Client_Status,,TMSM_Client_Status,,True,TMSM
112,BIFC_SPLX,SPLX_1.0_Feedback_Main,,SPLX_Feedback_Main,,True,SPLX
108,BIFC_SMEX,SMEX_1.0_Feedback_Main,,SMEX_Feedback_Main,,True,SMEX
111,BIFC_SPEMC,SPEMC_1.0_Feedback_Main,,SPEMC_Feedback_Main,,True,SPEMC
113,BIFC_SPNAF,SPNAF_1.0_Feedback_Main,,SPNAF_Feedback_Main,,True,SPNAF
123,BIFC_TMSM,TMSM_1.0_Client_OS,,TMSM_Client_OS,,True,TMSM
110,BIFC_SMMS,SMMS_1.0_Feedback_Main,,SMMS_Feedback_Main,,True,SMMS
109,BIFC_SMLD,SMLD_1.0_Feedback_Main,,SMLD_Feedback_Main,,True,SMLD
132,BIFC_VP,VP_1.0_Server_Plugin,,VP_Server_Plugin,,True,VP
129,BIFC_VP,VP_1.0_Endpoint_Module_Usage,,VP_Endpoint_Module_Usage,,True,VP
125,BIFC_TMSM,TMSM_1.0_Feedback_Main,,TMSM_Feedback_Main,,True,TMSM
128,BIFC_VP,VP_1.0_Endpoint_Client_OS,,VP_Endpoint_Client_OS,,True,VP
130,BIFC_VP,VP_1.0_Endpoint_Seat_Count_Connector,,VP_Endpoint_Seat_Count_Connector,,True,VP
131,BIFC_VP,VP_1.0_Feedback_Main,,VP_Feedback_Main,,True,VP
127,BIFC_VP,VP_1.0_Endpoint_Activated_Agent_Version,,VP_Endpoint_Activated_Agent_Version,,True,VP
126,BIFC_VP,VP_1.0_AC,,VP_AC,,True,VP
140,BIFC_OSCE,OSCE_2.0_Server_Plugin,,OSCE_Server_Plugin,,True,OSCE
137,BIFC_OSCE,OSCE_2.0_Endpoint_Plugin,,OSCE_Endpoint_Plugin,,True,OSCE
133,BIFC_OSCE,OSCE_2.0_AC,,OSCE_AC,,True,OSCE
136,BIFC_OSCE,OSCE_2.0_Endpoint_Config,,OSCE_Endpoint_Config,[BIFC_ETL].[vw_OSCE_Endpoint_Config],True,OSCE
138,BIFC_OSCE,OSCE_2.0_Feedback_Main,,OSCE_Feedback_Main,,True,OSCE
139,BIFC_OSCE,OSCE_2.0_Server_Hotfix,,OSCE_Server_Hotfix,,True,OSCE
135,BIFC_OSCE,OSCE_2.0_Endpoint_Version,,OSCE_Endpoint_Version,,True,OSCE
134,BIFC_OSCE,OSCE_2.0_Endpoint_OS,,OSCE_Endpoint_OS,,True,OSCE
148,BIFC_DDI,DDI_1.0_RDQA_Page,,DDI_RDQA_Page,,True,DDI
145,BIFC_DDI,DDI_1.0_Hotfix_History,,DDI_Hotfix_History,,True,DDI
141,BIFC_DS,DS_1.0_Server_Ref_List,,DS_Server_Ref_List,,True,DS
144,BIFC_DDI,DDI_1.0_Hardware_CPU,,DDI_Hardware_CPU,,True,DDI
146,BIFC_DDI,DDI_1.0_Feedback_Main,,DDI_Feedback_Main,,True,DDI
147,BIFC_DDI,DDI_1.0_Official_Page,,DDI_Official_Page,,True,DDI
143,BIFC_DDI,DDI_1.0_Firmware_History,,DDI_Firmware_History,,True,DDI
142,BIFC_DDI,DDI_1.0_Detection_Rule,,DDI_Detection_Rule,[BIFC_ETL].[vw_DDI_Detection_Rule],True,DDI
159,BIFC_OSCE,OSCE_2.0_Endpoint_Setting,OSCE_Endpoint_Setting,,,True,OSCE
155,BIFC_DDI,DDI_1.0_Third_Party_Product,,DDI_Third_Party_Product,,True,DDI
149,BIFC_DDI,DDI_1.0_Sandbox_Group,,DDI_Sandbox_Group,,True,DDI
154,BIFC_DDI,DDI_1.0_Top_20_Rule,,DDI_Top_20_Rule,,True,DDI
156,BIFC_DDI,DDI_1.0_Third_Party_Product_v2,,DDI_Third_Party_Product,[BIFC_ETL].[vw_DDI_Third_Party_Product],True,DDI
158,BIFC_OSCE,OSCE_2.0_Endpoint_BM,OSCE_Endpoint_BM,,,True,OSCE
153,BIFC_DDI,DDI_1.0_TMUFED_ECP,,DDI_TMUFED_ECP,,True,DDI
150,BIFC_DDI,DDI_1.0_Syslog_Server,,DDI_Syslog_Server,,True,DDI
167,BIFC_TMEAC,TMEAC_1.0_Config,,TMEAC_Config,,True,TMEAC
164,BIFC_OSCE,OSCE_2.0_Server_Integrated_Server,OSCE_Server_Integrated_Server,,,True,OSCE
160,BIFC_OSCE,OSCE_2.0_WR_External,OSCE_WR_External,,,True,OSCE
163,BIFC_OSCE,OSCE_2.0_Server_Agent_Global_Setting,OSCE_Server_Agent_Global_Setting,,,True,OSCE
165,BIFC_OSCE,OSCE_2.0_Server_OPP,OSCE_Server_OPP,,,True,OSCE
166,BIFC_OSCE,OSCE_2.0_Server_Smart_Protection,OSCE_Server_Smart_Protection,,,True,OSCE
162,BIFC_OSCE,OSCE_2.0_Server_BT_SO,OSCE_Server_BT_SO,,,True,OSCE
161,BIFC_OSCE,OSCE_2.0_WR_Internal,OSCE_WR_Internal,,,True,OSCE
175,BIFC_WFBS,WFBS_1.0_Feedback_Main,,WFBS_Feedback_Main,,True,WFBS
172,BIFC_WFBS,WFBS_1.0_Client_OS,,WFBS_Client_OS,,True,WFBS
168,BIFC_TMEAC,TMEAC_1.0_Feedback_Main,,TMEAC_Feedback_Main,,True,TMEAC
171,BIFC_TMEAC,TMEAC_1.0_Target,,TMEAC_Target,,True,TMEAC
173,BIFC_WFBS,WFBS_1.0_Client_Status,,WFBS_Client_Status,,True,WFBS
174,BIFC_WFBS,WFBS_1.0_Feature,,WFBS_Feature,,True,WFBS
170,BIFC_TMEAC,TMEAC_1.0_Rule,,TMEAC_Rule,,True,TMEAC
169,BIFC_TMEAC,TMEAC_1.0_Policy,,TMEAC_Policy,,True,TMEAC
183,BIFC_DS,DS_1.0_Server_Integration_App,,DS_Server_Integration_App,,True,DS
180,BIFC_DDEI,DDEI_1.0_Sandbox_Selected_File_Type,,DDEI_Sandbox_Selected_File_Type,,True,DDEI
176,BIFC_WFBS,WFBS_1.0_Group,,WFBS_Group,,True,WFBS
179,BIFC_DDEI,DDEI_1.0_Sandbox_Group,,DDEI_Sandbox_Group,,True,DDEI
181,BIFC_DDEI,DDEI_1.0_Server_Syslog,,DDEI_Server_Syslog,[BIFC_ETL].[vw_DDEI_Server_Syslog],True,DDEI
182,BIFC_TMEE,TMEE_1.0_Feedback_Main,,TMEE_Feedback_Main,,True,TMEE
178,BIFC_DDEI,DDEI_1.0_Feedback_Main,,DDEI_Feedback_Main,,True,DDEI
177,BIFC_DDEI,DDEI_1.0_Alert_Rule,,DDEI_Alert_Rule,,True,DDEI
191,BIFC_VP,VP_1.0_TMCMKPI,,VP_TMCMKPI,,True,VP
188,BIFC_DDI,DDI_1.0_Dashboard,DDI_Dashboard,,,True,DDI
184,BIFC_IMSVA,IMSVA_1.0_Config,,IMSVA_Config,,True,IMSVA
187,BIFC_IMSVA,IMSVA_1.0_System_Info,,IMSVA_System_Info,,True,IMSVA
189,BIFC_DDI,DDI_1.0_On_Demand_Report,DDI_On_Demand_Report,,,True,DDI
190,BIFC_DDI,DDI_1.0_Scheduled_Report,DDI_Scheduled_Report,,,True,DDI
186,BIFC_IMSVA,IMSVA_1.0_Operation,IMSVA_Operation,,,True,IMSVA
185,BIFC_IMSVA,IMSVA_1.0_Config_SMTP,,IMSVA_Config_SMTP,,True,IMSVA
199,BIFC_TMVMI,TMVMI_1.0_User_App_Launch,,TMVMI_User_App_Launch,,True,TMVMI
196,BIFC_TMMS,TMMS_1.0_Feedback_Main,,TMMS_Feedback_Main,,True,TMMS
192,BIFC_TMMS,TMMS_1.0_AC,,TMMS_AC,,True,TMMS
195,BIFC_TMMS,TMMS_1.0_EAS,,TMMS_EAS,,True,TMMS
197,BIFC_PP,PortalProtect_1.0_PP_Feedback_Main,,PP_Feedback_Main,,True,PP
198,BIFC_TMVMI,TMVMI_1.0_Feedback_Main,,TMVMI_Feedback_Main,,True,TMVMI
194,BIFC_TMMS,TMMS_1.0_Device_Vendor,,TMMS_Device_Vendor,,True,TMMS
193,BIFC_TMMS,TMMS_1.0_Device_OS,,TMMS_Device_OS,[BIFC_ETL].[vw_TMMS_Device_OS],True,TMMS
207,BIFC_TMES,TMES_1.0_Endpoint_Version,,TMES_Endpoint_Version,,True,TMES
204,BIFC_TMES,TMES_1.0_AC,,TMES_AC,,True,TMES
200,BIFC_TMVMI,TMVMI_1.0_User_Device,,TMVMI_User_Device,[BIFC_ETL].[vw_TMVMI_USER_DEVICE],True,TMVMI
203,BIFC_TMVMI,TMVMI_1.0_User_Web_Clip,,TMVMI_User_Web_Clip,,True,TMVMI
205,BIFC_TMES,TMES_1.0_Endpoint_DB_Size,,TMES_Endpoint_DB_Size,,True,TMES
206,BIFC_TMES,TMES_1.0_Endpoint_OS,,TMES_Endpoint_OS,,True,TMES
202,BIFC_TMVMI,TMVMI_1.0_User_Upload_App,,TMVMI_User_Upload_App,,True,TMVMI
201,BIFC_TMVMI,TMVMI_1.0_User_Online_Time,,TMVMI_User_Online_Time,,True,TMVMI
221,BIFC_TMSM,TMSM_1.0_AC,,TMSM_AC,,True,TMSM
218,BIFC_TMSM,TMSM_2.0_Client_Version,,TMSM_Client_Version,,True,TMSM
208,BIFC_TMES,TMES_1.0_Feedback_Main,,TMES_Feedback_Main,,True,TMES
217,BIFC_TMSM,TMSM_2.0_Client_Status,,TMSM_Client_Status,,True,TMSM
219,BIFC_TMSM,TMSM_2.0_Client_System_Model,,TMSM_Client_System_Model,,True,TMSM
220,BIFC_TMSM,TMSM_2.0_Feedback_Main,,TMSM_Feedback_Main,,True,TMSM
216,BIFC_TMSM,TMSM_2.0_Client_ScanMode,TMSM_Client_ScanMode,,,True,TMSM
215,BIFC_TMSM,TMSM_2.0_Client_OS,,TMSM_Client_OS,,True,TMSM
230,BIFC_SMEX,SMEX_1.0_AC,,SMEX_AC,,True,SMEX
227,BIFC_IWSVA,IWSVA_1.0_AC,,IWSVA_AC,,True,IWSVA
222,BIFC_TMSM,TMSM_2.0_AC,,TMSM_AC,,True,TMSM
226,BIFC_IWSS,IWSS_1.0_AC,,IWSS_AC,,True,IWSS
228,BIFC_NVWE,NVWE_1.0_AC,,NVWE_AC,,True,NVWE
229,BIFC_PP,PortalProtect_1.0_PP_AC,,PP_AC,,True,PP
225,BIFC_IMSecurity,IMSecurity_1.0_AC,,IMSecurity_AC,,True,IMSecurity
223,BIFC_TMEAC,TMEAC_1.0_AC,,TMEAC_AC,,True,TMEAC
238,BIFC_OSCE,OSCE_1.0_AC,,OSCE_AC,,True,OSCE
235,BIFC_DDAn,DDAn_1.0_AC,,DDAn_AC,,True,DDAn
231,BIFC_SMLD,SMLD_1.0_AC,,SMLD_AC,,True,SMLD
234,BIFC_WFBS,WFBS_1.0_AC,,WFBS_AC,,True,WFBS
236,BIFC_DDEI,DDEI_1.0_AC,,DDEI_AC,,True,DDEI
237,BIFC_DDI,DDI_1.0_AC,,DDI_AC,,True,DDI
233,BIFC_TMEE,TMEE_1.0_AC,,TMEE_AC,,True,TMEE
232,BIFC_SMMS,SMMS_1.0_AC,,SMMS_AC,,True,SMMS
246,BIFC_TMVMI,TMVMI_1.0_Android_App,,TMVMI_Android_App,,True,TMVMI
243,BIFC_DDEI,DDEI_1.0_Hardware_Disk_Group,,DDEI_Hardware_Disk_Group,,True,DDEI
239,BIFC_OSCE,OSCE_1.0_Client_OS_10,,OSCE_Client_OS_10,,True,OSCE
242,BIFC_DDAn,DDAn_1.0_Hardware_NIC_Group,,DDAn_Hardware_NIC_Group,,True,DDAn
244,BIFC_DDEI,DDEI_1.0_Hardware_NIC_Group,,DDEI_Hardware_NIC_Group,,True,DDEI
245,BIFC_TMVMI,TMVMI_1.0_AC,,TMVMI_AC,,True,TMVMI
241,BIFC_DDAn,DDAn_1.0_Hardware_Disk_Group,,DDAn_Hardware_Disk_Group,,True,DDAn
240,BIFC_OSCE,OSCE_1.0_Feedback_Main,,OSCE_Feedback_Main,,True,OSCE
254,BIFC_SPEMC,SPEMC_1.0_AC,,SPEMC_AC,,True,SPEMC
251,BIFC_VP,VP_1.0_Server_Integrated_Application,,VP_Server_Integrated_Application,,True,VP
247,BIFC_TMVMI,TMVMI_1.0_iOS_App,,TMVMI_iOS_App,,True,TMVMI
250,BIFC_VP,VP_1.0_Server_Hardware,,VP_Server_Hardware,,True,VP
252,BIFC_VP,VP_1.0_Server_Scheduled_Task,,VP_Server_Scheduled_Task,,True,VP
253,BIFC_TMEAC,TMEAC_1.0_Target_Percentile,,TMEAC_Target_Percentile,,True,TMEAC
249,BIFC_DS,DS_1.0_Server_Hardware,,DS_Server_Hardware,,True,DS
248,BIFC_DS,DS_1.0_Server_Scheduled_Task,,DS_Server_Scheduled_Task,,True,DS
262,BIFC_ATAS,ATAS_1.0_Feedback_Main,,ATAS_Feedback_Main,,True,ATAS
259,BIFC_DK,DK_1.0_Product,,DK_Product,,True,DK
255,BIFC_SPLX,SPLX_1.0_AC,,SPLX_AC,,True,SPLX
258,BIFC_DK,DK_1.0_Feedback_Main,,DK_Feedback_Main,,True,DK
260,BIFC_ATAS,ATAS_1.0_AC,,ATAS_AC,,True,ATAS
261,BIFC_ATAS,ATAS_1.0_Assessment,,ATAS_Assessment,,True,ATAS
257,BIFC_SPNT,SPNT_1.0_AC,,SPNT_AC,,True,SPNT
256,BIFC_SPNAF,SPNAF_1.0_AC,,SPNAF_AC,,True,SPNAF
270,BIFC_TMEE,TMEE_1.0_FDE_Laptop_Hardware,,TMEE_FDE_Laptop_Hardware,,True,TMEE
267,BIFC_TMEE,TMEE_1.0_Client_Product_Version,,TMEE_Client_Product_Version,,True,TMEE
263,BIFC_ATAS,ATAS_1.0_Forensic,,ATAS_Forensic,,True,ATAS
266,BIFC_TMEE,TMEE_1.0_Client_OS,,TMEE_Client_OS,,True,TMEE
268,BIFC_TMEE,TMEE_1.0_Device,TMEE_Device,,,True,TMEE
269,BIFC_TMEE,TMEE_1.0_Endpoint_Setting,,TMEE_Endpoint_Setting,,True,TMEE
265,BIFC_DS,DS_1.0_Endpoint_Client_OS_Module,,DS_Endpoint_Client_OS_Module,,True,DS
264,BIFC_DS,DS_1.0_Endpoint_Activated_Agent_Type,DS_Endpoint_Activated_Agent_Type,,,True,DS
278,BIFC_TMCAT,TMCAT_1.0_Docker_Image,,TMCAT_Docker_Image,,True,TMCAT
275,BIFC_TMCAT,TMCAT_1.0_Algorithm,,TMCAT_Algorithm,,True,TMCAT
271,BIFC_TMEE,TMEE_1.0_Policy,,TMEE_Policy,,True,TMEE
274,BIFC_TMCAT,TMCAT_1.0_AC,,TMCAT_AC,,True,TMCAT
276,BIFC_TMCAT,TMCAT_1.0_Data_Source,,TMCAT_Data_Source,,True,TMCAT
277,BIFC_TMCAT,TMCAT_1.0_Detection_Statistic,,TMCAT_Detection_Statistic,,True,TMCAT
273,BIFC_TMEAC,TMEAC_1.0_Usage,,TMEAC_Usage,,True,TMEAC
272,BIFC_OSCE,OSCE_2.0_Server_Edge_Agent,OSCE_Server_Edge_Agent,,,True,OSCE
286,BIFC_DDD,DDD_1.0_Managed_Product,,DDD_Managed_Product,,True,DDD
283,BIFC_DDD,DDD_1.0_AC,,DDD_AC,,True,DDD
279,BIFC_TMCAT,TMCAT_1.0_Feedback_Main,,TMCAT_Feedback_Main,,True,TMCAT
282,BIFC_DDEI,DDEI_1.0_SFTP_File_Type,,DDEI_SFTP_File_Type,,True,DDEI
284,BIFC_DDD,DDD_1.0_User_Account,,DDD_User_Account,,True,DDD
285,BIFC_DDD,DDD_1.0_Feedback_Main,,DDD_Feedback_Main,,True,DDD
281,BIFC_DDEI,DDEI_1.0_Inline_Product,,DDEI_Inline_Product,[BIFC_ETL].[vw_DDEI_Inline_Product],True,DDEI
280,BIFC_TMCAT,TMCAT_1.0_Node,,TMCAT_Node,,True,TMCAT
294,BIFC_DS,DS_1.0_Host_Info_Managed_Module,,DS_Host_Info_Managed_Module,,True,DS
291,BIFC_DDD,DDD_1.0_Statistic_User_Agent,,DDD_Statistic_User_Agent,,True,DDD
287,BIFC_DDD,DDD_1.0_Statistic_Plan_Detail,,DDD_Statistic_Plan_Detail,,True,DDD
290,BIFC_DDD,DDD_1.0_Statistic_Upload,,DDD_Statistic_Upload,,True,DDD
292,BIFC_ATAS,ATAS_1.0_Forensic_v2,,ATAS_Forensic,[BIFC_ETL].[vw_ATAS_Forensic],True,ATAS
293,BIFC_DS,DS_1.0_Host_Info_Managed_Cloud_Connector,,DS_Host_Info_Managed_Cloud_Connector,,True,DS
289,BIFC_DDD,DDD_1.0_Statistic_UI_Page_Visit,,DDD_Statistic_UI_Page_Visit,,True,DDD
288,BIFC_DDD,DDD_1.0_Statistic_UI_Deployment_Plan,,DDD_Statistic_UI_Deployment_Plan,,True,DDD
302,BIFC_DDEI,DDEI_1.0_AC_v2,,DDEI_AC,,True,DDEI
299,BIFC_DS,DS_1.0_Host_Info_Unmanaged_Physical_Host,,DS_Host_Info_Unmanaged_Physical_Host,,True,DS
295,BIFC_DS,DS_1.0_Host_Info_Managed_OS,,DS_Host_Info_Managed_OS,,True,DS
298,BIFC_DS,DS_1.0_Host_Info_Unmanaged_OS,,DS_Host_Info_Unmanaged_OS,,True,DS
300,BIFC_DDD,DDD_1.0_Setting_Email_Notification,,DDD_Setting_Email_Notification,,True,DDD
301,BIFC_DDD,DDD_1.0_Statistic_UI_Deployment_Plan_Detail,,DDD_Statistic_UI_Deployment_Plan_Detail,,True,DDD
297,BIFC_DS,DS_1.0_Host_Info_Unmanaged_Cloud_Connector,,DS_Host_Info_Unmanaged_Cloud_Connector,,True,DS
296,BIFC_DS,DS_1.0_Host_Info_Managed_Physical_Host,,DS_Host_Info_Managed_Physical_Host,,True,DS
310,BIFC_DDD,DDD_1.0_Storage,,DDD_Storage,,True,DDD
307,BIFC_DDD,DDD_1.0_Statistic_Log_Receive,,DDD_Statistic_Log_Receive,,True,DDD
303,BIFC_DDD,DDD_1.0_Dashboard_Widget,,DDD_Dashboard_Widget,,True,DDD
306,BIFC_DDD,DDD_1.0_Smart_Search_Filters,,DDD_Smart_Search_Filters,,True,DDD
308,BIFC_DDD,DDD_1.0_Statistic_Plan_Detail_Result,,DDD_Statistic_Plan_Detail_Result,,True,DDD
309,BIFC_DDD,DDD_1.0_Statistic_Root_Access,,DDD_Statistic_Root_Access,,True,DDD
305,BIFC_DDD,DDD_1.0_Setting_Syslog_Forward,,DDD_Setting_Syslog_Forward,,True,DDD
304,BIFC_DDD,DDD_1.0_Email_Notification_Rule,,DDD_Email_Notification_Rule,,True,DDD
318,BIFC_DDI,DDI_1.0_VA_Status_Cav,,DDI_VA_Status_Cav,,True,DDI
315,BIFC_DDI,DDI_1.0_VA_Overall_Roz_Cav,,DDI_VA_Overall_Roz_Cav,,True,DDI
311,BIFC_DDD,DDD_1.0_Storage_v2,,DDD_Storage,,True,DDD
314,BIFC_DDI,DDI_1.0_Network_SSL_Criteria,,DDI_Network_SSL_Criteria,,True,DDI
316,BIFC_DDI,DDI_1.0_VA_Overall_Roz_Cav_Hidden,,DDI_VA_Overall_Roz_Cav_Hidden,,True,DDI
317,BIFC_DDI,DDI_1.0_VA_Report_Severity,,DDI_VA_Report_Severity,,True,DDI
313,BIFC_DDI,DDI_1.0_Luwak_Agent,,DDI_Luwak_Agent,,True,DDI
312,BIFC_DDD,DDD_1.0_VA_Image,,DDD_VA_Image,,True,DDD
326,BIFC_TMCM,TMCM_2.0_SO_Provider_Weekly_Count,,TMCM_SO_Provider_Weekly_Count,,True,TMCM
323,BIFC_TMCM,TMCM_2.0_Compliance,,TMCM_Compliance,,True,TMCM
319,BIFC_DDI,DDI_1.0_VA_Status_Cav_Hidden,,DDI_VA_Status_Cav_Hidden,,True,DDI
322,BIFC_TMCM,TMCM_2.0_AD_User,,TMCM_AD_User,,True,TMCM
324,BIFC_TMCM,TMCM_2.0_Policy_Usage,,TMCM_Policy_Usage,,True,TMCM
325,BIFC_TMCM,TMCM_2.0_SO_Detection_Count,,TMCM_SO_Detection_Count,,True,TMCM
321,BIFC_DS,DS_1.0_Server_DPI_Rule,,DS_Server_DPI_Rule,,True,DS
320,BIFC_DS,DS_1.0_Host_Info_AWS_Cloud_Connector,,DS_Host_Info_AWS_Cloud_Connector,,True,DS
334,BIFC_TMCM,TMCM_2.0_User_Account_Report,,TMCM_User_Account_Report,,True,TMCM
331,BIFC_TMCM,TMCM_2.0_User_Account_Inventory,,TMCM_User_Account_Inventory,,True,TMCM
327,BIFC_TMCM,TMCM_2.0_SO_Sandbox_Detection,,TMCM_SO_Sandbox_Detection,,True,TMCM
330,BIFC_TMCM,TMCM_2.0_User_Account_Event,,TMCM_User_Account_Event,,True,TMCM
332,BIFC_TMCM,TMCM_2.0_User_Account_Log_Query,,TMCM_User_Account_Log_Query,,True,TMCM
333,BIFC_TMCM,TMCM_2.0_User_Account_Menu,,TMCM_User_Account_Menu,,True,TMCM
329,BIFC_TMCM,TMCM_2.0_SO_Total_Count_v2,,TMCM_SO_Total_Count,[BIFC_ETL].[vw_TMCM_SO_Total_Count],True,TMCM
328,BIFC_TMCM,TMCM_2.0_SO_Total_Count,,TMCM_SO_Total_Count,,True,TMCM
342,BIFC_TP,TP_1.0_Device_Aux_DV_Package,,TP_Device_Aux_DV_Package,,True,TP
339,BIFC_TP,TP_1.0_DB_Usage,,TP_DB_Usage,,True,TP
335,BIFC_TMCM,TMCM_2.0_User_Account_Widget,,TMCM_User_Account_Widget,,True,TMCM
338,BIFC_TP,TP_1.0_Aux_DV_Package,,TP_Aux_DV_Package,,True,TP
340,BIFC_TP,TP_1.0_DB_Usage_Detail,,TP_DB_Usage_Detail,,True,TP
341,BIFC_TP,TP_1.0_Device,,TP_Device,[BIFC_ETL].[vw_TP_Device],True,TP
337,BIFC_TP,TP_1.0_Agent_Info,,TP_Agent_Info,,True,TP
336,BIFC_TMCM,TMCM_2.0_Compliance_v2,,TMCM_Compliance,[BIFC_ETL].[vw_TMCM_Compliance],True,TMCM
350,BIFC_TP,TP_1.0_Device_Slot,,TP_Device_Slot,,True,TP
347,BIFC_TP,TP_1.0_Device_Port,,TP_Device_Port,,True,TP
343,BIFC_TP,TP_1.0_Device_Entitlement,,TP_Device_Entitlement,,True,TP
346,BIFC_TP,TP_1.0_Device_Interface,,TP_Device_Interface,,True,TP
348,BIFC_TP,TP_1.0_Device_Segment,,TP_Device_Segment,,True,TP
349,BIFC_TP,TP_1.0_Device_Segment_Port,,TP_Device_Segment_Port,,True,TP
345,BIFC_TP,TP_1.0_Device_Inspection_Bypass_Rule,,TP_Device_Inspection_Bypass_Rule,,True,TP
344,BIFC_TP,TP_1.0_Device_Exception_Rule,,TP_Device_Exception_Rule,,True,TP
358,BIFC_TP,TP_1.0_Health_RAID,,TP_Health_RAID,,True,TP
355,BIFC_TP,TP_1.0_GVS,,TP_GVS,,True,TP
351,BIFC_TP,TP_1.0_Device_Stack,,TP_Device_Stack,,True,TP
354,BIFC_TP,TP_1.0_Feedback_Main,,TP_Feedback_Main,,True,TP
356,BIFC_TP,TP_1.0_Health_CPU,,TP_Health_CPU,,True,TP
357,BIFC_TP,TP_1.0_Health_Disk,,TP_Health_Disk,,True,TP
353,BIFC_TP,TP_1.0_Device_vSegment,,TP_Device_vSegment,,True,TP
352,BIFC_TP,TP_1.0_Device_v2,,TP_Device,[BIFC_ETL].[vw_TP_IPS],True,TP
366,BIFC_TP,TP_1.0_IPS_SSL_Server_Port,,TP_IPS_SSL_Server_Port,,True,TP
363,BIFC_TP,TP_1.0_IPS_Profile_Policy,,TP_IPS_Profile_Policy,,True,TP
359,BIFC_TP,TP_1.0_Hotfix,,TP_Hotfix,,True,TP
362,BIFC_TP,TP_1.0_IPS_Profile_Cat,,TP_IPS_Profile_Cat,,True,TP
364,BIFC_TP,TP_1.0_IPS_SSL_Server,,TP_IPS_SSL_Server,,True,TP
365,BIFC_TP,TP_1.0_IPS_SSL_Server_Cipher,,TP_IPS_SSL_Server_Cipher,,True,TP
361,BIFC_TP,TP_1.0_IPS_Profile,,TP_IPS_Profile,,True,TP
360,BIFC_TP,TP_1.0_IPS_Action_Set,,TP_IPS_Action_Set,,True,TP
374,BIFC_TP,TP_1.0_NGFW_Profile_App_Filter,,TP_NGFW_Profile_App_Filter,,True,TP
371,BIFC_TP,TP_1.0_NGFW_HA_Cluster_Member,,TP_NGFW_HA_Cluster_Member,,True,TP
367,BIFC_TP,TP_1.0_IPS_SSL_Server_Protocol,,TP_IPS_SSL_Server_Protocol,,True,TP
370,BIFC_TP,TP_1.0_NGFW_HA_Cluster,,TP_NGFW_HA_Cluster,[BIFC_ETL].[vw_TP_NGFW_HA_Cluster],True,TP
372,BIFC_TP,TP_1.0_NGFW_HA_Cluster_Sync_Setting,,TP_NGFW_HA_Cluster_Sync_Setting,,True,TP
373,BIFC_TP,TP_1.0_NGFW_Profile,,TP_NGFW_Profile,,True,TP
369,BIFC_TP,TP_1.0_NGFW_Event,,TP_NGFW_Event,,True,TP
368,BIFC_TP,TP_1.0_IPS_User_Defined_Policy,,TP_IPS_User_Defined_Policy,,True,TP
382,BIFC_TP,TP_1.0_Rep_Ipdb_Tag,,TP_Rep_Ipdb_Tag,,True,TP
379,BIFC_TP,TP_1.0_Quarantine_Action,,TP_Quarantine_Action,,True,TP
375,BIFC_TP,TP_1.0_NGFW_Profile_Rule_Stat,,TP_NGFW_Profile_Rule_Stat,,True,TP
378,BIFC_TP,TP_1.0_Object_Named,,TP_Object_Named,,True,TP
380,BIFC_TP,TP_1.0_Quarantine_Network_Device,,TP_Quarantine_Network_Device,,True,TP
381,BIFC_TP,TP_1.0_Remote_Syslog,,TP_Remote_Syslog,,True,TP
377,BIFC_TP,TP_1.0_Object_Anonymous,,TP_Object_Anonymous,,True,TP
376,BIFC_TP,TP_1.0_NGFW_Profile_Zone,,TP_NGFW_Profile_Zone,,True,TP
390,BIFC_TP,TP_1.0_Device_Inspection_Bypass_Rule_v2,,TP_Device_Inspection_Bypass_Rule,,True,TP
387,BIFC_TP,TP_1.0_URL_Forwarding,,TP_URL_Forwarding,,True,TP
383,BIFC_TP,TP_1.0_Rep_Queue_Entry,,TP_Rep_Queue_Entry,,True,TP
386,BIFC_TP,TP_1.0_SMS_Package_Version,,TP_SMS_Package_Version,,True,TP
388,BIFC_TP,TP_1.0_Vulnerability_Scan_No_Filter_CVE,,TP_Vulnerability_Scan_No_Filter_CVE,,True,TP
389,BIFC_TP,TP_1.0_Device_Exception_Rule_v2,,TP_Device_Exception_Rule,,True,TP
385,BIFC_TP,TP_1.0_Scheduled_Report,,TP_Scheduled_Report,,True,TP
384,BIFC_TP,TP_1.0_Rep_Queue_Profile,,TP_Rep_Queue_Profile,,True,TP
398,BIFC_DDI,DDI_1.0_Cloud_AC,,DDI_Cloud_AC,,True,DDI
395,BIFC_TP,TP_1.0_Device_vSegment_v2,,TP_Device_vSegment,,True,TP
391,BIFC_TP,TP_1.0_Device_Port_v2,,TP_Device_Port,,True,TP
394,BIFC_TP,TP_1.0_Device_Slot_v2,,TP_Device_Slot,,True,TP
396,BIFC_DDAn,DDAn_1.0_Connection_Monitor_Scope,,DDAn_Connection_Monitor_Scope,,True,DDAn
397,BIFC_DDAn,DDAn_1.0_Syslog_Server,,DDAn_Syslog_Server,,True,DDAn
393,BIFC_TP,TP_1.0_Device_Segment_v2,,TP_Device_Segment,,True,TP
392,BIFC_TP,TP_1.0_Device_Segment_Port_v2,,TP_Device_Segment_Port,,True,TP
406,BIFC_DDNA,DDNA_1.0_System_Volume,,DDNA_System_Volume,,True,DDNA
403,BIFC_DDNA,DDNA_1.0_Feedback_Main,,DDNA_Feedback_Main,,True,DDNA
399,BIFC_DDI,DDI_1.0_Detection_Exception_Filter,,DDI_Detection_Exception_Filter,,True,DDI
402,BIFC_DDNA,DDNA_1.0_Elasticsearch,,DDNA_Elasticsearch,,True,DDNA
404,BIFC_DDNA,DDNA_1.0_Registered_Server,,DDNA_Registered_Server,,True,DDNA
405,BIFC_DDNA,DDNA_1.0_System_CPU,,DDNA_System_CPU,,True,DDNA
401,BIFC_DDNA,DDNA_1.0_AC,,DDNA_AC,,True,DDNA
400,BIFC_DDI,DDI_1.0_SSH_Successful_Login,,DDI_SSH_Successful_Login,,True,DDI
414,BIFC_DDI,DDI_1.0_Detection_Exception_Filter_Rule_ID,,DDI_Detection_Exception_Filter_Rule_ID,[BIFC_ETL].[vw_DDI_Detection_Exception_Filter_Rule_ID],True,DDI
411,BIFC_DDD,DDD_1.0_Statistic_Web_API_Version,,DDD_Statistic_Web_API_Version,,True,DDD
407,BIFC_DDNA,DDNA_1.0_Threat_Detection_Alert,,DDNA_Threat_Detection_Alert,,True,DDNA
410,BIFC_DDD,DDD_1.0_Input,,DDD_Input,,True,DDD
412,BIFC_DDD,DDD_1.0_Third_Party_Integration,,DDD_Third_Party_Integration,,True,DDD
413,BIFC_DDI,DDI_1.0_Detection_Exception_Filter_Protocol,,DDI_Detection_Exception_Filter_Protocol,[BIFC_ETL].[vw_DDI_Detection_Exception_Filter_Protocol],True,DDI
409,BIFC_DDNA,DDNA_1.0_UI_Page_Visit,,DDNA_UI_Page_Visit,,True,DDNA
408,BIFC_DDNA,DDNA_1.0_Threat_Detection_Alert_Rule,,DDNA_Threat_Detection_Alert_Rule,,True,DDNA
422,BIFC_DS,DS_1.0_Connector_vCenter,,DS_Connector_vCenter,,True,DS
419,BIFC_DS,DS_1.0_Connector_Directory,,DS_Connector_Directory,,True,DS
415,BIFC_DDI,DDI_1.0_Detection_Exception_Filter_Threat_Type,,DDI_Detection_Exception_Filter_Threat_Type,[BIFC_ETL].[vw_DDI_Detection_Exception_Filter_Threat_Type],True,DDI
418,BIFC_DS,DS_1.0_Connector_Azure,,DS_Connector_Azure,,True,DS
420,BIFC_DS,DS_1.0_Connector_DSVA,,DS_Connector_DSVA,,True,DS
421,BIFC_DS,DS_1.0_Connector_ESX,,DS_Connector_ESX,,True,DS
417,BIFC_DS,DS_1.0_Connector_AWS,,DS_Connector_AWS,,True,DS
416,BIFC_SMEX,SMEX_1.0_Scan_Status_Summary,,SMEX_Scan_Status_Summary,,True,SMEX
430,BIFC_OSCE,OSCE_2.0_iES_Endpoint_Agent,,OSCE_iES_Endpoint_Agent,,True,OSCE
427,BIFC_OSCE,OSCE_2.0_iAC_Server_Rule_Method_Usage,,OSCE_iAC_Server_Rule_Method_Usage,,True,OSCE
423,BIFC_DS,DS_1.0_Connector_vCloud,,DS_Connector_vCloud,,True,DS
426,BIFC_OSCE,OSCE_2.0_iAC_Agent_Rule_Method_Result,,OSCE_iAC_Agent_Rule_Method_Result,,True,OSCE
428,BIFC_OSCE,OSCE_2.0_iAC_Server_TMCSS_Usage,,OSCE_iAC_Server_TMCSS_Usage,,True,OSCE
429,BIFC_OSCE,OSCE_2.0_iES_AC,,OSCE_iES_AC,,True,OSCE
425,BIFC_OSCE,OSCE_2.0_iAC_AC,,OSCE_iAC_AC,,True,OSCE
424,BIFC_DS,DS_1.0_Host,,DS_Host,[BIFC_ETL].[vw_DS_Host],True,DS
438,BIFC_OSCE,OSCE_2.0_iES_Server_Impact_Eval_Criteria,,OSCE_iES_Server_Impact_Eval_Criteria,,True,OSCE
435,BIFC_OSCE,OSCE_2.0_iES_Endpoint_Policy_Meta_Upload_Frequency,,OSCE_iES_Endpoint_Policy_Meta_Upload_Frequency,,True,OSCE
431,BIFC_OSCE,OSCE_2.0_iES_Endpoint_Policy_ADE,,OSCE_iES_Endpoint_Policy_ADE,,True,OSCE
434,BIFC_OSCE,OSCE_2.0_iES_Endpoint_Policy_Meta_Upload,,OSCE_iES_Endpoint_Policy_Meta_Upload,,True,OSCE
436,BIFC_OSCE,OSCE_2.0_iES_Server_ADE_Detect,,OSCE_iES_Server_ADE_Detect,,True,OSCE
437,BIFC_OSCE,OSCE_2.0_iES_Server_API,,OSCE_iES_Server_API,,True,OSCE
433,BIFC_OSCE,OSCE_2.0_iES_Endpoint_Policy_Event_Recording,,OSCE_iES_Endpoint_Policy_Event_Recording,,True,OSCE
432,BIFC_OSCE,OSCE_2.0_iES_Endpoint_Policy_DB_Size,,OSCE_iES_Endpoint_Policy_DB_Size,,True,OSCE
447,BIFC_DSSC,DSSC_1.0_AC,,DSSC_AC,,True,DSSC
443,BIFC_OSCE,OSCE_2.0_iVP_Server_IPS_Rule,,OSCE_iVP_Server_IPS_Rule,,True,OSCE
439,BIFC_OSCE,OSCE_2.0_iES_Server_Impact_Eval_Evaluate,,OSCE_iES_Server_Impact_Eval_Evaluate,,True,OSCE
442,BIFC_OSCE,OSCE_2.0_iVP_AC,,OSCE_iVP_AC,,True,OSCE
445,BIFC_DDD,DDD_1.0_Setting_Ignore_Rule,,DDD_Setting_Ignore_Rule,,True,DDD
446,BIFC_DDD,DDD_1.0_Statistic_VA_Report,,DDD_Statistic_VA_Report,,True,DDD
441,BIFC_OSCE,OSCE_2.0_iES_Server_Investigation,,OSCE_iES_Server_Investigation,,True,OSCE
440,BIFC_OSCE,OSCE_2.0_iES_Server_Impact_Eval_Source,,OSCE_iES_Server_Impact_Eval_Source,,True,OSCE
456,BIFC_TMSM,TMSM_1.0_Client_Realtime_Scan,,TMSM_Client_Realtime_Scan,,True,TMSM
453,BIFC_TMSM,TMSM_1.0_Client_Active_Update,,TMSM_Client_Active_Update,,True,TMSM
448,BIFC_DSSC,DSSC_1.0_Feedback_Main,,DSSC_Feedback_Main,,True,DSSC
452,BIFC_TMSM,TMSM_1.0_AC_v2,,TMSM_AC,,True,TMSM
454,BIFC_TMSM,TMSM_1.0_Client_Manual_Scan,,TMSM_Client_Manual_Scan,,True,TMSM
455,BIFC_TMSM,TMSM_1.0_Client_OS_v2,,TMSM_Client_OS,,True,TMSM
451,BIFC_DSSC,DSSC_1.0_Metric,,DSSC_Metric,[BIFC_ETL].[vw_DSSC_Metric],True,DSSC
450,BIFC_DSSC,DSSC_1.0_Service,,DSSC_Service,,True,DSSC
464,BIFC_TMCM,TMCM_2.0_STIX,,TMCM_STIX,,True,TMCM
461,BIFC_TMSM,TMSM_1.0_Server_Hotfix_Build,,TMSM_Server_Hotfix_Build,,True,TMSM
457,BIFC_TMSM,TMSM_1.0_Client_ScanMode,TMSM_Client_ScanMode,,,True,TMSM
460,BIFC_TMSM,TMSM_1.0_Client_Version,,TMSM_Client_Version,,True,TMSM
462,BIFC_TMSM,TMSM_2.0_Server_Hotfix_Build,,TMSM_Server_Hotfix_Build,,True,TMSM
463,BIFC_TMCM,TMCM_2.0_Open_IOC,,TMCM_Open_IOC,,True,TMCM
459,BIFC_TMSM,TMSM_1.0_Client_System_Model,,TMSM_Client_System_Model,,True,TMSM
458,BIFC_TMSM,TMSM_1.0_Client_Status_v2,,TMSM_Client_Status,,True,TMSM
472,BIFC_OSCE,OSCE_2.0_iES_Server_Impact_Eval_Criteria_Type,,OSCE_iES_Server_Impact_Eval_Criteria_Type,,True,OSCE
469,BIFC_DDD,DDD_1.0_Statistic_Web_Service_Interface,,DDD_Statistic_Web_Service_Interface,,True,DDD
465,BIFC_TMCM,TMCM_2.0_YARA,,TMCM_YARA,,True,TMCM
468,BIFC_DDD,DDD_1.0_Setting_SNMP,,DDD_Setting_SNMP,,True,DDD
470,BIFC_OSCE,OSCE_2.0_iES_Endpoint_Latest_Policy,,OSCE_iES_Endpoint_Latest_Policy,,True,OSCE
471,BIFC_OSCE,OSCE_2.0_iES_Server_Impact_Eval_Access_Scope,,OSCE_iES_Server_Impact_Eval_Access_Scope,,True,OSCE
467,BIFC_DDD,DDD_1.0_Setting_External_Service,,DDD_Setting_External_Service,,True,DDD
466,BIFC_DS,DS_1.0_Host_Upgrade_Record,,DS_Host_Upgrade_Record,,True,DS
480,BIFC_DS,DS_1.0_Connector_Google,,DS_Connector_Google,,True,DS
477,BIFC_DDI,DDI_1.0_Protocol_Traffic,,DDI_Protocol_Traffic,[BIFC_ETL].[vw_DDI_Protocol_Traffic],True,DDI
473,BIFC_OSCE,OSCE_2.0_iES_Server_Impact_Eval_Operator,,OSCE_iES_Server_Impact_Eval_Operator,,True,OSCE
476,BIFC_DDWI,DDWI_2.2_VA_Image,,DDWI_VA_Image,,True,DDWI
478,BIFC_DDWI,DDWI_2.2_Policy_File_Type,,DDWI_Policy_File_Type,,True,DDWI
479,BIFC_DDWI,DDWI_2.2_Policy_JA3,,DDWI_Policy_JA3,,True,DDWI
475,BIFC_DDWI,DDWI_2.2_Feedback_Main,,DDWI_Feedback_Main,,True,DDWI
474,BIFC_DDWI,DDWI_2.2_AC,,DDWI_AC,,True,DDWI
488,BIFC_DDD,DDD_1.0_Accompaniment_DB_Connection,,DDD_Accompaniment_DB_Connection,,True,DDD
485,BIFC_VNFS,VNFS_1.0.0_Feedback_Main,,VNFS_Feedback_Main,,True,VNFS
481,BIFC_DS,DS_1.0_Connector_Google_Project,,DS_Connector_Google_Project,,True,DS
484,BIFC_DDAn,DDAn_1.0_ICAP_MIME_Type_v2,,DDAn_ICAP_MIME_Type,[BIFC_ETL].[vw_DDAn_ICAP_MIME_Type],True,DDAn
486,BIFC_VNFS,VNFS_1.0.0_Inspector,,VNFS_Inspector,,True,VNFS
487,BIFC_VNFS,VNFS_1.0.0_Log_Processor,,VNFS_Log_Processor,,True,VNFS
483,BIFC_DDAn,DDAn_1.0_ICAP_MIME_Type,,DDAn_ICAP_MIME_Type,,True,DDAn
482,BIFC_DS,DS_1.0_Connector_NSX,,DS_Connector_NSX,,True,DS
496,BIFC_DDD,DDD_1.0_Statistic_Generated_Canned_Report,,DDD_Statistic_Generated_Canned_Report,,True,DDD
493,BIFC_DDD,DDD_1.0_Central_Config_Email_Encryption_Registered_Domain,,DDD_Central_Config_Email_Encryption_Registered_Domain,,True,DDD
489,BIFC_DDD,DDD_1.0_Accompaniment_ES_Index,,DDD_Accompaniment_ES_Index,,True,DDD
492,BIFC_DDD,DDD_1.0_Central_Config_Email_Encryption_Domain,,DDD_Central_Config_Email_Encryption_Domain,,True,DDD
494,BIFC_DDD,DDD_1.0_Central_Config_Password_Dictionary,,DDD_Central_Config_Password_Dictionary,,True,DDD
495,BIFC_DDD,DDD_1.0_Setting_Canned_Report,,DDD_Setting_Canned_Report,,True,DDD
491,BIFC_DDD,DDD_1.0_Canned_Report_Network_Security,,DDD_Canned_Report_Network_Security,,True,DDD
490,BIFC_DDD,DDD_1.0_Canned_Report_Email_Security,,DDD_Canned_Report_Email_Security,,True,DDD
505,BIFC_DDAn,DDAn_1.0_Primary_Sandbox_Selected_File_Type_Linux,,DDAn_Primary_Sandbox_Selected_File_Type_Linux,,True,DDAn
501,BIFC_DDAn,DDAn_1.0_Custom_Info_Browser,,DDAn_Custom_Info_Browser,,True,DDAn
497,BIFC_DDD,DDD_1.0_Statistic_Third_Party_Integration,,DDD_Statistic_Third_Party_Integration,,True,DDD
500,BIFC_DS,DS_1.0_Manager_Node_Upgrade_Record,,DS_Manager_Node_Upgrade_Record,,True,DS
502,BIFC_DDAn,DDAn_1.0_Custom_Info_Import_Image_Method,,DDAn_Custom_Info_Import_Image_Method,,True,DDAn
504,BIFC_DDAn,DDAn_1.0_Primary_Sandbox_Selected_File_Type_Custom,,DDAn_Primary_Sandbox_Selected_File_Type_Custom,,True,DDAn
499,BIFC_DDD,DDD_1.0_Accompaniment_ES_Index_v2,,DDD_Accompaniment_ES_Index,,True,DDD
498,BIFC_DDD,DDD_1.0_Accompaniment_DB_Connection_v2,,DDD_Accompaniment_DB_Connection,,True,DDD
513,BIFC_TP,TP_1.0_SMS_Remote_Syslog,,TP_SMS_Remote_Syslog,,True,TP
510,BIFC_DS,DS_1.0_Server_CTD_Suspicious_File_Submission,,DS_Server_CTD_Suspicious_File_Submission,,True,DS
506,BIFC_DDAn,DDAn_1.0_Primary_Sandbox_UnSelected_File_Type_Custom,,DDAn_Primary_Sandbox_UnSelected_File_Type_Custom,,True,DDAn
509,BIFC_DDI,DDI_1.0_Integrated_XDR_Server,,DDI_Integrated_XDR_Server,,True,DDI
511,BIFC_SPFS,SPFS_1.0_AC,,SPFS_AC,,True,SPFS
512,BIFC_SPFS,SPFS_1.0_Feedback_Main,,SPFS_Feedback_Main,,True,SPFS
508,BIFC_DS,DS_1.0_Host_Plugin_AM_Realtime_Scan,,DS_Host_Plugin_AM_Realtime_Scan,,True,DS
507,BIFC_DDAn,DDAn_1.0_Network_Share_Server,,DDAn_Network_Share_Server,[BIFC_ETL].[vw_DDAn_Network_Share_Server],True,DDAn
